INSERT INTO cliente (cpf, nome, endereco, telefone, celular, email, sexo, estado_civil, profissao) VALUES
('123.456.789-00', 'Ana Silva', 'Rua A, 123', '1234-5678', '98765-4321', 'ana.silva@example.com', 'F', 'Solteira', 'Advogada'),
('234.567.890-11', 'Carlos Oliveira', 'Rua B, 234', '2345-6789', '87654-3210', 'carlos.oliveira@example.com', 'M', 'Casado', 'Engenheiro'),
('345.678.901-22', 'Maria Santos', 'Rua C, 345', '3456-7890', '76543-2109', 'maria.santos@example.com', 'F', 'Divorciada', 'Médica'),
('456.789.012-33', 'Pedro Almeida', 'Rua D, 456', '4567-8901', '65432-1098', 'pedro.almeida@example.com', 'M', 'Solteiro', 'Professor'),
('567.890.123-44', 'Luciana Costa', 'Rua E, 567', '5678-9012', '54321-0987', 'luciana.costa@example.com', 'F', 'Casada', 'Arquiteta'),
('678.901.234-55', 'João Pereira', 'Rua F, 678', '6789-0123', '43210-9876', 'joao.pereira@example.com', 'M', 'Solteiro', 'Administrador'),
('789.012.345-66', 'Fernanda Lima', 'Rua G, 789', '7890-1234', '32109-8765', 'fernanda.lima@example.com', 'F', 'Viúva', 'Engenheira'),
('890.123.456-77', 'Lucas Fernandes', 'Rua H, 890', '8901-2345', '21098-7654', 'lucas.fernandes@example.com', 'M', 'Casado', 'Contador'),
('901.234.567-88', 'Juliana Martins', 'Rua I, 901', '9012-3456', '10987-6543', 'juliana.martins@example.com', 'F', 'Solteira', 'Jornalista'),
('012.345.678-99', 'Ricardo Gomes', 'Rua J, 012', '0123-4567', '09876-5432', 'ricardo.gomes@example.com', 'M', 'Casado', 'Dentista'),
('123.456.789-01', 'Mariana Silva', 'Rua K, 123', '1234-5678', '98765-4321', 'mariana.silva@example.com', 'F', 'Solteira', 'Veterinária'),
('234.567.890-12', 'Felipe Costa', 'Rua L, 234', '2345-6789', '87654-3210', 'felipe.costa@example.com', 'M', 'Divorciado', 'Psicólogo'),
('345.678.901-23', 'Gabriela Santos', 'Rua M, 345', '3456-7890', '76543-2109', 'gabriela.santos@example.com', 'F', 'Casada', 'Farmacêutica'),
('456.789.012-34', 'Ricardo Lima', 'Rua N, 456', '4567-8901', '65432-1098', 'ricardo.lima@example.com', 'M', 'Viúvo', 'Engenheiro Civil'),
('567.890.123-45', 'Sofia Almeida', 'Rua O, 567', '5678-9012', '54321-0987', 'sofia.almeida@example.com', 'F', 'Solteira', 'Economista'),
('678.901.234-56', 'Eduardo Ferreira', 'Rua P, 678', '6789-0123', '43210-9876', 'eduardo.ferreira@example.com', 'M', 'Casado', 'Professor'),
('789.012.345-67', 'Aline Oliveira', 'Rua Q, 789', '7890-1234', '32109-8765', 'aline.oliveira@example.com', 'F', 'Casada', 'Advogada'),
('890.123.456-78', 'Gustavo Costa', 'Rua R, 890', '8901-2345', '21098-7654', 'gustavo.costa@example.com', 'M', 'Solteiro', 'Arquiteto'),
('901.234.567-89', 'Isabela Martins', 'Rua S, 901', '9012-3456', '10987-6543', 'isabela.martins@example.com', 'F', 'Solteira', 'Design de Interiores'),
('012.345.678-10', 'Bruno Santos', 'Rua T, 012', '0123-4567', '09876-5432', 'bruno.santos@example.com', 'M', 'Casado', 'Médico'),
('123.456.789-11', 'Camila Ferreira', 'Rua U, 123', '1234-5678', '98765-4321', 'camila.ferreira@example.com', 'F', 'Divorciada', 'Veterinária');

INSERT INTO imovel (cliente_usuario_id, estado, cidade, bairro, rua, numero, data_construcao, modalidade, disponivel, valor) VALUES
(1, 'SP', 'São Paulo', 'Centro', 'Rua A', 101, '2010-01-10', 'venda', TRUE, 500000.00),
(2, 'RJ', 'Rio de Janeiro', 'Copacabana', 'Rua B', 202, '2015-05-20', 'locacao', TRUE, 3500.00),
(3, 'MG', 'Belo Horizonte', 'Savassi', 'Rua C', 303, '2005-12-15', 'venda', FALSE, 600000.00),
(4, 'SP', 'São Paulo', 'Jardins', 'Rua D', 404, '2020-03-10', 'locacao', TRUE, 4500.00),
(5, 'RJ', 'Rio de Janeiro', 'Leblon', 'Rua E', 505, '2018-07-01', 'venda', TRUE, 750000.00),
(6, 'MG', 'Belo Horizonte', 'Funcionários', 'Rua F', 606, '2012-08-22', 'locacao', TRUE, 3200.00),
(7, 'SP', 'São Paulo', 'Paulista', 'Rua G', 707, '2008-11-30', 'venda', TRUE, 550000.00),
(8, 'RJ', 'Rio de Janeiro', 'Ipanema', 'Rua H', 808, '2017-04-14', 'locacao', FALSE, 4200.00),
(9, 'MG', 'Belo Horizonte', 'Centro', 'Rua I', 909, '2009-09-05', 'venda', TRUE, 490000.00),
(10, 'SP', 'São Paulo', 'Moema', 'Rua J', 1010, '2022-01-01', 'locacao', TRUE, 3800.00),
(11, 'RJ', 'Rio de Janeiro', 'Botafogo', 'Rua K', 1111, '2014-10-11', 'venda', FALSE, 700000.00),
(12, 'MG', 'Belo Horizonte', 'Santo Antônio', 'Rua L', 1212, '2010-12-25', 'locacao', TRUE, 2900.00),
(13, 'SP', 'São Paulo', 'Vila Madalena', 'Rua M', 1313, '2016-02-20', 'venda', TRUE, 580000.00),
(14, 'RJ', 'Rio de Janeiro', 'Barra da Tijuca', 'Rua N', 1414, '2019-06-15', 'locacao', TRUE, 5000.00),
(15, 'MG', 'Belo Horizonte', 'Pampulha', 'Rua O', 1515, '2004-04-04', 'venda', TRUE, 450000.00),
(16, 'SP', 'São Paulo', 'Pinheiros', 'Rua P', 1616, '2021-09-10', 'locacao', TRUE, 4200.00),
(17, 'RJ', 'Rio de Janeiro', 'Santa Teresa', 'Rua Q', 1717, '2013-03-23', 'venda', FALSE, 650000.00),
(18, 'MG', 'Belo Horizonte', 'Cidade Jardim', 'Rua R', 1818, '2007-07-18', 'locacao', TRUE, 3300.00),
(19, 'SP', 'São Paulo', 'Liberdade', 'Rua S', 1919, '2019-05-25', 'venda', TRUE, 500000.00),
(20, 'RJ', 'Rio de Janeiro', 'Glória', 'Rua T', 2020, '2020-06-30', 'locacao', TRUE, 3100.00);

INSERT INTO imovel_foto (imovel_id, caminho_foto) VALUES
(1, 'imoveis/1_foto1.jpg'),
(1, 'imoveis/1_foto2.jpg'),
(2, 'imoveis/2_foto1.jpg'),
(2, 'imoveis/2_foto2.jpg'),
(3, 'imoveis/3_foto1.jpg'),
(3, 'imoveis/3_foto2.jpg'),
(4, 'imoveis/4_foto1.jpg'),
(4, 'imoveis/4_foto2.jpg'),
(5, 'imoveis/5_foto1.jpg'),
(5, 'imoveis/5_foto2.jpg'),
(6, 'imoveis/6_foto1.jpg'),
(6, 'imoveis/6_foto2.jpg'),
(7, 'imoveis/7_foto1.jpg'),
(7, 'imoveis/7_foto2.jpg'),
(8, 'imoveis/8_foto1.jpg'),
(8, 'imoveis/8_foto2.jpg'),
(9, 'imoveis/9_foto1.jpg'),
(9, 'imoveis/9_foto2.jpg'),
(10, 'imoveis/10_foto1.jpg'),
(10, 'imoveis/10_foto2.jpg'),
(11, 'imoveis/11_foto1.jpg'),
(11, 'imoveis/11_foto2.jpg'),
(12, 'imoveis/12_foto1.jpg'),
(12, 'imoveis/12_foto2.jpg'),
(13, 'imoveis/13_foto1.jpg'),
(13, 'imoveis/13_foto2.jpg'),
(14, 'imoveis/14_foto1.jpg'),
(14, 'imoveis/14_foto2.jpg'),
(15, 'imoveis/15_foto1.jpg'),
(15, 'imoveis/15_foto2.jpg'),
(16, 'imoveis/16_foto1.jpg'),
(16, 'imoveis/16_foto2.jpg'),
(17, 'imoveis/17_foto1.jpg'),
(17, 'imoveis/17_foto2.jpg'),
(18, 'imoveis/18_foto1.jpg'),
(18, 'imoveis/18_foto2.jpg'),
(19, 'imoveis/19_foto1.jpg'),
(19, 'imoveis/19_foto2.jpg'),
(20, 'imoveis/20_foto1.jpg'),
(20, 'imoveis/20_foto2.jpg');

INSERT INTO imovel_apartamento (imovel_id, quantidade_quarto, quantidade_suite, quantidade_sala_estar, quantidade_sala_jantar, numero_vaga_garagem, area, armario_embutido, descricao, andar, valor_condominio, portaria_dia_todo) VALUES
(1, 3, 1, 1, 1, 2, 120, TRUE, 'Apartamento moderno no centro de São Paulo', 10, 600.00, TRUE),
(2, 2, 1, 1, 1, 1, 80, FALSE, 'Apartamento aconchegante em Copacabana', 5, 450.00, FALSE),
(4, 2, 1, 1, 1, 1, 85, TRUE, 'Apartamento com ótima localização em Jardins', 8, 500.00, TRUE),
(10, 2, 1, 1, 1, 1, 90, TRUE, 'Apartamento novo e bem localizado em Moema', 3, 550.00, TRUE),
(13, 3, 1, 2, 1, 2, 130, TRUE, 'Apartamento espaçoso na Vila Madalena', 12, 700.00, TRUE),
(16, 2, 1, 1, 1, 1, 75, FALSE, 'Apartamento moderno em Pinheiros', 5, 500.00, TRUE),
(19, 3, 2, 1, 1, 2, 110, TRUE, 'Apartamento com boa área útil na Liberdade', 7, 650.00, TRUE),
(5, 2, 1, 1, 1, 2, 100, TRUE, 'Apartamento de alto padrão no Leblon', 15, 800.00, TRUE),
(6, 1, 0, 1, 1, 1, 60, FALSE, 'Apartamento compacto em Funcionários', 2, 400.00, TRUE),
(8, 2, 1, 1, 1, 1, 85, TRUE, 'Apartamento em Ipanema com vista para o mar', 6, 600.00, TRUE),
(9, 3, 2, 1, 1, 2, 105, TRUE, 'Apartamento amplo no Centro de Belo Horizonte', 4, 620.00, TRUE),
(12, 2, 1, 1, 1, 1, 70, FALSE, 'Apartamento simples em Santo Antônio', 9, 350.00, TRUE),
(14, 3, 2, 2, 1, 2, 125, TRUE, 'Apartamento de luxo na Barra da Tijuca', 20, 850.00, TRUE),
(15, 3, 1, 1, 1, 2, 95, TRUE, 'Apartamento confortável em Pampulha', 7, 550.00, TRUE),
(17, 2, 1, 1, 1, 1, 80, FALSE, 'Apartamento em Santa Teresa com boa localização', 6, 500.00, FALSE),
(18, 2, 1, 1, 1, 1, 85, TRUE, 'Apartamento em Cidade Jardim com excelente infraestrutura', 8, 560.00, TRUE),
(20, 1, 0, 1, 1, 1, 70, FALSE, 'Apartamento pequeno em Glória', 2, 340.00, TRUE),
(7, 3, 1, 2, 1, 2, 110, TRUE, 'Apartamento com área ampla em Paulista', 11, 630.00, TRUE),
(11, 2, 1, 1, 1, 1, 85, TRUE, 'Apartamento em Botafogo com ótima localização', 5, 580.00, TRUE),
(3, 2, 1, 1, 1, 1, 95, TRUE, 'Apartamento excelente em Savassi', 6, 600.00, TRUE),
(2, 2, 1, 1, 1, 1, 80, FALSE, 'Apartamento pequeno e aconchegante em Copacabana', 4, 450.00, FALSE);

INSERT INTO imovel_casa (imovel_id, quantidade_quarto, quantidade_suite, quantidade_sala_estar, quantidade_sala_jantar, numero_vaga_garagem, area, armario_embutido, descricao) VALUES
(3, 4, 2, 1, 1, 2, 200, TRUE, 'Casa espaçosa no bairro Savassi'),
(5, 3, 1, 2, 1, 2, 150, FALSE, 'Casa de alto padrão no Leblon'),
(15, 4, 2, 2, 1, 2, 180, TRUE, 'Casa confortável em Pampulha'),
(7, 5, 2, 2, 1, 3, 220, TRUE, 'Casa ampla com jardim em Paulista'),
(6, 3, 1, 1, 1, 1, 120, FALSE, 'Casa pequena e prática em Funcionários'),
(8, 3, 1, 2, 1, 2, 160, TRUE, 'Casa em Ipanema com quintal'),
(9, 4, 2, 2, 1, 2, 190, TRUE, 'Casa grande no Centro de Belo Horizonte'),
(10, 3, 1, 1, 1, 1, 140, TRUE, 'Casa moderna e bem localizada em Moema'),
(11, 2, 1, 1, 1, 1, 110, FALSE, 'Casa aconchegante em Botafogo'),
(12, 3, 1, 1, 1, 1, 130, TRUE, 'Casa prática em Santo Antônio'),
(14, 4, 2, 2, 1, 2, 200, TRUE, 'Casa de luxo na Barra da Tijuca'),
(16, 3, 1, 1, 1, 2, 150, FALSE, 'Casa charmosa em Pinheiros'),
(17, 2, 1, 1, 1, 1, 100, TRUE, 'Casa simples e aconchegante em Santa Teresa'),
(18, 4, 2, 2, 1, 2, 190, TRUE, 'Casa ampla em Cidade Jardim'),
(19, 4, 2, 2, 1, 2, 180, TRUE, 'Casa espaçosa e bem localizada em Liberdade'),
(1, 3, 2, 1, 1, 2, 160, TRUE, 'Casa no centro de São Paulo'),
(2, 4, 2, 2, 1, 2, 175, TRUE, 'Casa em Copacabana com varanda'),
(13, 4, 2, 2, 1, 2, 190, TRUE, 'Casa na Vila Madalena com área verde'),
(4, 3, 1, 1, 1, 2, 140, TRUE, 'Casa em Jardins com bom espaço'),
(20, 3, 1, 1, 1, 1, 130, FALSE, 'Casa prática em Glória'),
(3, 5, 3, 2, 1, 3, 210, TRUE, 'Casa grande e arejada em Savassi'),
(5, 3, 2, 2, 1, 2, 160, TRUE, 'Casa moderna e ampla no Leblon');

INSERT INTO imovel_sala_comercial (imovel_id, quantidade_banheiro, quantidade_comodo, area) VALUES
(1, 2, 5, 100),
(2, 1, 3, 60),
(4, 2, 4, 80),
(7, 2, 5, 120),
(8, 1, 3, 70),
(9, 2, 4, 90),
(10, 1, 2, 50),
(11, 2, 4, 85),
(12, 1, 3, 65),
(13, 2, 5, 110),
(14, 2, 6, 130),
(15, 1, 3, 55),
(16, 1, 2, 45),
(17, 2, 4, 75),
(18, 1, 3, 60),
(19, 1, 2, 40),
(20, 2, 4, 85),
(3, 2, 5, 105),
(5, 2, 3, 75),
(6, 1, 2, 50),
(7, 2, 4, 90);

INSERT INTO imovel_terreno (imovel_id, area, largura, comprimento, desnivel) VALUES
(3, 500, 20.0, 25.0, TRUE),
(5, 600, 25.0, 24.0, FALSE),
(7, 450, 18.0, 25.0, TRUE),
(9, 550, 22.0, 25.0, FALSE),
(11, 700, 30.0, 23.3, TRUE),
(12, 300, 15.0, 20.0, FALSE),
(14, 800, 28.0, 28.5, TRUE),
(15, 350, 17.0, 20.5, FALSE),
(16, 420, 18.5, 22.7, TRUE),
(17, 550, 22.0, 25.0, FALSE),
(18, 600, 25.0, 24.0, TRUE),
(19, 650, 26.0, 25.0, TRUE),
(1, 500, 20.0, 25.0, FALSE),
(2, 300, 15.0, 20.0, TRUE),
(4, 400, 18.0, 22.0, FALSE),
(6, 450, 19.0, 23.0, TRUE),
(8, 550, 23.0, 23.9, FALSE),
(10, 700, 30.0, 23.3, TRUE),
(13, 600, 25.0, 24.0, FALSE),
(20, 320, 16.0, 20.0, TRUE),
(3, 450, 18.0, 25.0, TRUE);

INSERT INTO imovel_proprietario (imovel_id, cliente_proprietario_id) VALUES
(1, 1),
(2, 2),
(3, 3),
(4, 4),
(5, 5),
(6, 6),
(7, 7),
(8, 8),
(9, 9),
(10, 10),
(11, 11),
(12, 12),
(13, 13),
(14, 14),
(15, 15),
(16, 16),
(17, 17),
(18, 18),
(19, 19),
(20, 20),
(1, 2),
(2, 3),
(3, 4),
(4, 5),
(5, 6),
(6, 7),
(7, 8),
(8, 9),
(9, 10),
(10, 11),
(11, 12),
(12, 13),
(13, 14),
(14, 15),
(15, 16),
(16, 17),
(17, 18),
(18, 19),
(19, 20),
(20, 1);

INSERT INTO cliente_fiador (cliente_id, cliente_fiador_id) VALUES
(1, 2),
(2, 3),
(3, 4),
(4, 5),
(5, 6),
(6, 7),
(7, 8),
(8, 9),
(9, 10),
(10, 11),
(11, 12),
(12, 13),
(13, 14),
(14, 15),
(15, 16),
(16, 17),
(17, 18),
(18, 19),
(19, 20),
(20, 1),
(1, 3),
(2, 4),
(3, 5),
(4, 6),
(5, 7),
(6, 8),
(7, 9),
(8, 10),
(9, 11),
(10, 12),
(11, 13),
(12, 14),
(13, 15),
(14, 16),
(15, 17),
(16, 18),
(17, 19),
(18, 20),
(19, 1),
(20, 2);

INSERT INTO cliente_indicacao (cliente_id, indicacao) VALUES
(1, 'Recomendo o serviço de aluguel da imobiliária'),
(2, 'Ótima experiência com a venda de imóveis'),
(3, 'Imobiliária com ótimo atendimento e qualidade'),
(4, 'Serviço excelente e equipe muito profissional'),
(5, 'Recomendo para quem busca imóveis de alto padrão'),
(6, 'Atendimento rápido e eficiente'),
(7, 'Boa experiência com a locação de imóveis'),
(8, 'Profissionais competentes e dedicados'),
(9, 'Ótima imobiliária com boa variedade de imóveis'),
(10, 'Recomendo para quem deseja vender ou alugar imóveis'),
(11, 'Excelente serviço de atendimento ao cliente'),
(12, 'Imobiliária com ótimos profissionais'),
(13, 'Ótima experiência com compra de imóveis'),
(14, 'Recomendo para quem busca um bom negócio imobiliário'),
(15, 'Profissionais qualificados e atenciosos'),
(16, 'Ótima empresa para alugar ou comprar imóveis'),
(17, 'Boa escolha para quem busca imóveis de qualidade'),
(18, 'Atendimento e serviços de alta qualidade'),
(19, 'Ótima imobiliária com bom atendimento e variedade'),
(20, 'Recomendo a todos que procuram imóveis'),
(1, 'Recomendo a todos os meus amigos e familiares'),
(2, 'Ótima experiência e atendimento personalizado'),
(3, 'Muito satisfeito com o serviço prestado');

INSERT INTO cargo (nome, salario_base) VALUES
('Corretor', 3000.00),
('Gerente de Vendas', 7000.00),
('Atendente', 2500.00),
('Analista de Imóveis', 3500.00),
('Coordenador de Equipe', 5000.00),
('Assistente Administrativo', 2000.00),
('Supervisor de Vendas', 5500.00),
('Diretor de Imobiliária', 10000.00),
('Auxiliar de Escritório', 1800.00),
('Consultor Imobiliário', 4000.00);

INSERT INTO funcionario (cpf, nome, endereco, telefone, telefone_contato, telefone_celular, data_ingresso, salario, cargo_id) VALUES
('12345678901', 'Ana Silva', 'Rua das Flores, 123', '1111-1111', '2222-2222', '9999-9999', '2024-01-01', 3000.00, 1),
('23456789012', 'Bruno Costa', 'Avenida Brasil, 456', '1111-1112', '2222-2223', '9999-9998', '2024-01-02', 3200.00, 2),
('34567890123', 'Carlos Souza', 'Rua da Paz, 789', '1111-1113', '2222-2224', '9999-9997', '2024-01-03', 3400.00, 3),
('45678901234', 'Diana Lima', 'Rua do Sol, 101', '1111-1114', '2222-2225', '9999-9996', '2024-01-04', 3600.00, 4),
('56789012345', 'Eduardo Almeida', 'Avenida Central, 202', '1111-1115', '2222-2226', '9999-9995', '2024-01-05', 3800.00, 5),
('67890123456', 'Fernanda Oliveira', 'Rua das Acácias, 303', '1111-1116', '2222-2227', '9999-9994', '2024-01-06', 4000.00, 6),
('78901234567', 'Gustavo Martins', 'Rua das Palmeiras, 404', '1111-1117', '2222-2228', '9999-9993', '2024-01-07', 4200.00, 7),
('89012345678', 'Heloísa Pereira', 'Avenida Verde, 505', '1111-1118', '2222-2229', '9999-9992', '2024-01-08', 4400.00, 8),
('90123456789', 'Igor Ferreira', 'Rua Nova, 606', '1111-1119', '2222-2230', '9999-9991', '2024-01-09', 4600.00, 9),
('01234567890', 'Júlia Rocha', 'Avenida do Rio, 707', '1111-1120', '2222-2231', '9999-9990', '2024-01-10', 4800.00, 10),
('12345678902', 'Karina Santos', 'Rua da Serra, 808', '1111-1121', '2222-2232', '9999-9989', '2024-01-11', 5000.00, 1),
('23456789013', 'Leandro Gomes', 'Avenida do Lago, 909', '1111-1122', '2222-2233', '9999-9988', '2024-01-12', 5200.00, 2),
('34567890124', 'Marta Lima', 'Rua dos Jardins, 1010', '1111-1123', '2222-2234', '9999-9987', '2024-01-13', 5400.00, 3),
('45678901235', 'Neto Silva', 'Rua das Pedras, 1111', '1111-1124', '2222-2235', '9999-9986', '2024-01-14', 5600.00, 4),
('56789012346', 'Olga Ferreira', 'Avenida do Comércio, 1212', '1111-1125', '2222-2236', '9999-9985', '2024-01-15', 5800.00, 5),
('67890123457', 'Paulo Oliveira', 'Rua do Horizonte, 1313', '1111-1126', '2222-2237', '9999-9984', '2024-01-16', 6000.00, 6),
('78901234568', 'Queila Souza', 'Avenida das Américas, 1414', '1111-1127', '2222-2238', '9999-9983', '2024-01-17', 6200.00, 7),
('89012345679', 'Roberto Costa', 'Rua da Liberdade, 1515', '1111-1128', '2222-2239', '9999-9982', '2024-01-18', 6400.00, 8),
('90123456780', 'Sandra Almeida', 'Rua do Carmo, 1616', '1111-1129', '2222-2240', '9999-9981', '2024-01-19', 6600.00, 9),
('01234567891', 'Tiago Lima', 'Avenida Atlântica, 1717', '1111-1130', '2222-2241', '9999-9980', '2024-01-20', 6800.00, 10);

INSERT INTO registro_alocacao (funcionario_id, imovel_id, valor_recebido, valor_recebido_imobiliaria, valor_comissao) VALUES
(1, 1, 3300.00, 3000.00, 300.00),
(2, 2, 2500.00, 2300.00, 200.00),
(3, 3, 3200.00, 2900.00, 300.00),
(4, 4, 3500.00, 3200.00, 300.00),
(5, 5, 2800.00, 2500.00, 300.00),
(6, 6, 3000.00, 2700.00, 300.00),
(7, 7, 2900.00, 2600.00, 300.00),
(8, 8, 2700.00, 2400.00, 300.00),
(9, 9, 3400.00, 3100.00, 300.00),
(10, 10, 3100.00, 2800.00, 300.00),
(11, 11, 2900.00, 2600.00, 300.00),
(12, 12, 3300.00, 3000.00, 300.00),
(13, 13, 3200.00, 2900.00, 300.00),
(14, 14, 3100.00, 2800.00, 300.00),
(15, 15, 3000.00, 2700.00, 300.00),
(16, 16, 2900.00, 2600.00, 300.00),
(17, 17, 3300.00, 3000.00, 300.00),
(18, 18, 3200.00, 2900.00, 300.00),
(19, 19, 3500.00, 3200.00, 300.00),
(20, 20, 3400.00, 3100.00, 300.00),
(1, 2, 2500.00, 2300.00, 200.00),
(2, 3, 3200.00, 2900.00, 300.00),
(3, 4, 3500.00, 3200.00, 300.00),
(4, 5, 2800.00, 2500.00, 300.00),
(5, 6, 3000.00, 2700.00, 300.00),
(6, 7, 2900.00, 2600.00, 300.00),
(7, 8, 2700.00, 2400.00, 300.00),
(8, 9, 3400.00, 3100.00, 300.00),
(9, 10, 3100.00, 2800.00, 300.00),
(10, 11, 2900.00, 2600.00, 300.00);
